dataHoraInicio;keywords;tipoDiscurso;transcricao
1999-02-10T00:00;"CRISE, NATUREZA ECONOMICA, NATUREZA SOCIAL. 
POLITICA ECONOMICO FINANCEIRA, AJUSTE FISCAL, AUMENTO, IMPOSTOS, 
TAXAS, JUROS, (FMI), CORTE, ORÇAMENTO, UNIÃO FEDERAL, POLITICA 
SOCIAL, SAUDE PUBLICA, PROGRAMA, RENDA MINIMA, EDUCAÇÃO, INCENTIVO, 
PRODUÇÃO, AGRICULTURA, REEXAME, CONGRESSO NACIONAL. 
PROPOSTA, EMENDA CONSTITUCIONAL, PRORROGAÇÃO, VIGENCIA, AUMENTO, 
ALIQUOTA, (CPMF). 
DESVIO, APLICAÇÃO DE RECURSOS, (CPMF), SAUDE PUBLICA, PAGAMENTO, 
JUROS, DIVIDA PUBLICA. 
FERNANDO HENRIQUE CARDOSO, PRESIDENTE DA REPUBLICA.";PEQUENO EXPEDIENTE;
1999-02-24T00:00;"PROJETO DE LEI, SISTEMA NACIONAL, CONTRATO DE PRIMEIRO EMPREGO. 
DESEMPREGO, MERCADO DE TRABALHO, JUVENTUDE, (CNBB), CAMPANHA DA 
FRATERNIDADE, EMPREGO, PRESIDENTE DA REPUBLICA, PROGRAMA DE 
GOVERNO. 
FERNANDO HENRIQUE CARDOSO, PRESIDENTE DA REPUBLICA.";PEQUENO EXPEDIENTE;
1999-03-03T00:00;"PROJETO DE LEI, QUALIFICAÇÃO, PESSOA JURIDICA, DIREITO PRIVADO, 
AUSENCIA, LUCRO, ORGANIZAÇÃO, SOCIEDADE CIVIL, USO PUBLICO, 
INSTITUCIONALIZAÇÃO, DISCIPLINAMENTO, PARCERIA, PODER PUBLICO. 
DISCUSSÃO, DEFESA, APROVAÇÃO, SUBSTITUTIVO. 
EMPREGO, JUVENTUDE, PODER PUBLICO, INICIATIVA PRIVADA, PARCERIA, 
COMPLEMENTAÇÃO, ATUAÇÃO, ESTADO. 
MEDIDA PROVISORIA, ORGANIZAÇÃO SOCIAL. 
RONALDO CEZAR COELHO, VICE LIDER, GOVERNO FEDERAL, MARCELO DEDA, 
RELATOR, EMERSON KAPAZ, DEPUTADO FEDERAL.";DISCUSSÃO;
1999-03-10T00:00;"ARTIGO DE IMPRENSA, INAPLICABILIDADE, LEI FEDERAL, GRATUIDADE, 
REGISTRO DE NASCIMENTO, REQUERIMENTO, PROVIDENCIA, (MJ). 
DADOS, (MS), MORTE, CRIANÇA, AUSENCIA, ATESTADO DE OBITO, REGIÃO 
SUDESTE, REGIÃO SUL, REGIÃO CENTRO OESTE, REGIÃO NORTE, REGIÃO 
NORDESTE. 
(MS), DIVISÃO NACIONAL DE PNEUMOLOGIA SANITARIA, LANÇAMENTO, PLANO 
NACIONAL, CONTROLE, TUBERCULOSE. 
ANTONIO RUFINO NETO, CHEFE DE DIVISÃO, (MS).";PEQUENO EXPEDIENTE;
1999-03-10T00:00;"PROPOSTA, EMENDA CONSTITUCIONAL, PRORROGAÇÃO, ALTERAÇÃO, ALIQUOTA, 
(CPMF), PRIMEIRO TURNO. 
EMENDA, REDUÇÃO, ALIQUOTA, DESTAQUE. 
VOTO FAVORAVEL, PARTIDO POLITICO, (PT). 
DEFICIT, PREVIDENCIA SOCIAL. 
LUIZ ANTONIO FLEURY, AUTOR.";LÍDER;
1999-03-25T00:00;"REFORMA FISCAL, REFORMA TRIBUTARIA, REFORMA POLITICA. 
FUNDOS PUBLICOS, INVESTIMENTO, POLITICA SOCIAL. 
DEFICIT, SETOR PUBLICO, PAGAMENTO, JUROS. 
ARRECADAÇÃO, (CPMF), SAUDE PUBLICA, FUNDO DE ESTABILIZAÇÃO FISCAL. 
MICHEL TEMER, PRESIDENTE, CAMARA DOS DEPUTADOS, PEDRO PARENTE, 
SECRETARIO EXECUTIVO, (MF), PEDRO MALAN, MINISTRO DE ESTADO, (MF).";PEQUENO EXPEDIENTE;
1999-03-31T00:00;"DIA INTERNACIONAL, CONSUMIDOR. 
DESRESPEITO, CONSUMIDOR, DIFERENÇA, PREÇO, PAGAMENTO A VISTA, 
CARTÃO DE CREDITO, BLECAUTE, PRIVATIZAÇÃO, EMPRESA DE ENERGIA 
ELETRICA, EMPRESA DE TELECOMUNICAÇÕES, SERVIÇOS PUBLICOS, INFRA 
ESTRUTURA. 
ATUAÇÃO, (PROCON), (SP), ESTABELECIMENTO DE ENSINO. 
JORNAL, CORREIO BRAZILIENSE, JORNAL DO BRASIL, FLAVIA FILIPINI, 
MÔNICA TAVARES, REPORTER, (TELESP), TELEFONICA, MARIO SANTOS, 
PRESIDENTE, (ONG), OPERADOR, AMBITO NACIONAL, SISTEMA ELETRICO.";PEQUENO EXPEDIENTE;
1999-04-28T00:00;"ADAPTAÇÃO, TEXTO, CONSTITUIÇÃO FEDERAL, EMENDA CONSTITUCIONAL, 
REFORMULAÇÃO, PREVIDENCIA SOCIAL. 
PREJUIZO, ESTADOS, MUNICIPIOS, BASE DE CALCULO, COMPENSAÇÃO 
FINANCEIRA. 
DESTAQUE, VOTAÇÃO EM SEPARADO, BASE DE CALCULO, BENEFICIO 
PREVIDENCIARIO, APOSENTADORIA. 
DESTAQUE, VOTAÇÃO EM SEPARADO, PRAZO, PARCELAMENTO, COMPENSAÇÃO 
FINANCEIRA. 
JOVAIR ARANTES, RELATOR.";DISCUSSÃO;
1999-04-28T00:00;"NORMAS, REGIME GERAL DE PREVIDENCIA SOCIAL, CALCULO, BENEFICIO 
PREVIDENCIARIO, APOSENTADORIA, DESTAQUE, VOTAÇÃO EM SEPARADO. 
OBSTRUÇÃO PARLAMENTAR, PARTIDO POLITICO, (PT), APOIAMENTO, FIXAÇÃO, 
BASE DE CALCULO, RENDA MENSAL, BENEFICIO PREVIDENCIARIO, 
APOSENTADORIA, COMPENSAÇÃO FINANCEIRA.";LÍDER;
1999-04-29T00:00;"REQUERIMENTO DE INFORMAÇÕES, (MEC), CREDITO EDUCATIVO. 
REQUERIMENTO DE INFORMAÇÕES, (MC), EMISSORA, RADIODIFUSÃO, 
COMUNIDADE.";PELA ORDEM;
1999-05-06T00:00;"DEPOIMENTO, DEPUTADO FEDERAL, SENADO, (CPI), SISTEMA FINANCEIRO 
NACIONAL, (BACEN), BANCO PARTICULAR, LUCRO, ACESSO, INFORMAÇÃO 
SIGILOSA, CAMBIO, DESVALORIZAÇÃO, REAL, DOLAR. 
REFORMA TRIBUTARIA, DESENVOLVIMENTO ECONOMICO, JUSTIÇA SOCIAL, 
TRIBUTAÇÃO, INSTITUIÇÃO FINANCEIRA, CAPITAL ESPECULATIVO. 
FERNANDO HENRIQUE CARDOSO, PRESIDENTE DA REPUBLICA.";PEQUENO EXPEDIENTE;
1999-05-06T00:00;"CONDIÇÕES DE TRABALHO, FUNCIONARIOS, SECRETARIA DA RECEITA FEDERAL. 
CARREIRA, ATIVIDADE ESPECIFICA, ESTADO, CARGO PUBLICO, ANALISTA, 
AGENTE FISCAL, RECEITA FEDERAL.";PELA ORDEM;
1999-05-20T00:00;"PROTESTO, GOVERNO FEDERAL, MODELO ECONOMICO, LIBERALISMO, POLITICA 
ECONOMICO FINANCEIRA, ANALISE, CONJUNTURA ECONOMICA, CRISE, 
ECONOMIA, SUJEIÇÃO, SISTEMA FINANCEIRO INTERNACIONAL, CAPITAL 
ESPECULATIVO, ACORDO, (FMI), RECESSÃO, TENSÃO SOCIAL, DADOS, 
EVOLUÇÃO, DEFICIT, BALANÇO DE PAGAMENTOS, DIVIDA PUBLICA, 
DIVIDA INTERNA, DIVIDA EXTERNA, (PIB), JUROS, AJUSTE FISCAL, CORTE, 
RECURSOS, ORÇAMENTO, UNIÃO FEDERAL, POLITICA SOCIAL, SAUDE PUBLICA, 
EDUCAÇÃO, TRANSPORTE, PLANEJAMENTO, PREVIDENCIA SOCIAL, PROGRAMA, 
ASSISTENCIA SOCIAL, CRIANÇA CARENTE, DEFICIENTE FISICO, IDOSO, 
ERRADICAÇÃO, TRABALHO, CRIANÇA, ADOLESCENTE, REFORMA AGRARIA, 
COMBATE, SECA, RECURSOS HIDRICOS, OBRA PUBLICA, REGIÃO NORDESTE, 
FRENTE DE TRABALHO, RENDA MINIMA, DISTRIBUIÇÃO, CESTA DE ALIMENTOS 
BASICOS, (CONAB), AUMENTO, (CPMF), (COFINS), TRIBUTOS, IMPOSTOS, 
PRIVATIZAÇÃO, EMPRESA ESTATAL, AUXILIO FINANCEIRO, BANQUEIRO, 
BANCOS, (PROER), RESTRIÇÃO, CREDITOS, PRODUÇÃO, AUSENCIA, POLITICA 
INDUSTRIAL, DESVALORIZAÇÃO, REAL, CAMBIO, COMERCIO EXTERIOR, 
DESEMPREGO, REGIÃO METROPOLITANA, (DF), (MG), (RS), (BA), (PE), 
(SP), REDUÇÃO, SALARIO, TRABALHADOR, (IBGE), (DIEESE), PESQUISA, 
(CEPAL), (IPEA), POBREZA, MISERIA, MORTALIDADE INFANTIL. 
AUMENTO, DIVIDA PUBLICA, (SP), UNIÃO FEDERAL, JUROS, REDUÇÃO, 
RECEITA TRIBUTARIA, (ICMS), PRODUÇÃO INDUSTRIAL, INDUSTRIA, PERDA, 
(BANESPA). 
CRISE, AGROINDUSTRIA, CANA DE AÇUCAR, EMPRESA DE AÇUCAR E ALCOOL, 
(SP), DESREGULAMENTAÇÃO, SETOR, AUSENCIA, PROGRAMA DE INCENTIVO, 
COMBUSTIVEL ALTERNATIVO. 
DEFESA, REDUÇÃO, DEPOSITO COMPULSORIO, BANCOS, TAXAS, JUROS, LONGO 
PRAZO, EMPRESTIMO, (BNDES), INVESTIMENTO, PRODUÇÃO, EMPREGO, 
PEQUENA EMPRESA, MEDIA EMPRESA, EXPORTAÇÃO, REFORMA TRIBUTARIA, 
TRIBUTAÇÃO, CAPITAL ESPECULATIVO, IMPOSTO SOBRE GRANDES FORTUNAS, 
COMBATE, SONEGAÇÃO FISCAL, POLITICA INDUSTRIAL, POLITICA AGRICOLA, 
FINANCIAMENTO, (CEF), HABITAÇÃO, CONSTRUÇÃO CIVIL, BANCO DO BRASIL, 
PEQUENO AGRICULTOR, AGRICULTURA, DESENVOLVIMENTO CIENTIFICO, 
DESENVOLVIMENTO TECNOLOGICO, REATIVAÇÃO, (PROALCOOL), POLITICA, 
COMERCIO EXTERIOR, RECIPROCIDADE, EMBARGOS, NATUREZA COMERCIAL, 
(EUA), UNIÃO EUROPEIA, SOJA, CAFE, AÇO, LARANJA, ALCOOL, RESTRIÇÃO, 
CAPITAL ESPECULATIVO, AUMENTO, TARIFAS. 
FERNANDO HENRIQUE CARDOSO, PRESIDENTE DA REPUBLICA, EDUARDO SUPLICY, 
SENADOR, BANCO PARTICULAR, MARKA, FONTECINDAM, PROGRAMA DINHEIRO 
NA ESCOLA, MUNICIPIO, BELO HORIZONTE, (MG), PORTO ALEGRE, (RS), 
SALVADOR, (BA), RECIFE, (PE), SÃO PAULO, RIBEIRÃO PRETO, (SP).";GRANDE EXPEDIENTE;
1999-05-26T00:00;"DECLARAÇÃO, EVARARDO MACIEL, SECRETARIO, SECRETARIA DA RECEITA FEDERAL, CPI, BANCOS, SISTEMA FINANCEIRO NACIONAL, SONEGAÇÃO FISCAL, EVASÃO DE DIVISAS.
URGENCIA, FLEXIBILIDADE, SIGILO BANCARIO.";PEQUENO EXPEDIENTE;
1999-06-08T00:00;"PROJETO DE LEI, OBRIGATORIEDADE, ADIÇÃO, MISTURA, ÁLCOOL ANIDRO CARBURANTE, COMBUSTÍVEL, ÓLEO DIESEL.
DEPOIMENTO, CPI, SISTEMA FINANCEIRO, EVERARDO MACIEL, SECRETÁRIO, RECEITA FEDERAL, ALTERAÇÃO, CÁLCULO, LUCRO REAL, FAVORECIMENTO, EVASÃO FISCAL, ELISÃO FISCAL.";PEQUENO EXPEDIENTE;
1999-08-05T00:00;CONSIDERAÇÕES, IMPORTÂNCIA, DISCUSSÃO, REFORMA TRIBUTÁRIA, PROPOSTA, COMBATE, MISÉRIA.;PEQUENO EXPEDIENTE;
1999-08-12T00:00;DOENÇA, DENGUE, CAMPANHA NACIONAL, COMBATE, AGENTE TRANSMISSOR, CONSCIENTIZAÇÃO, MORTALIDADE INFANTIL. AUSENCIA, NECESSIDADE, PROGRAMA DE INVESTIMENTO, NATUREZA SOCIAL, DISTRIBUIÇÃO DE RENDA, POLITICA FISCAL, REFORMA TRIBUTARIA, DESENVOLVIMENTO ECONOMICO, DESENVOLVIMENTO SOCIAL, CRESCIMENTO ECONOMICO, JUSTIÇA SOCIAL.;GRANDE EXPEDIENTE;
1999-09-08T00:00;POLÍTICA ECONÔMICA, FERNANDO HENRIQUE CARDOSO, PRESIDENTE DA REPÚBLICA, PLANO PLURIANUAL, DÍVIDA EXTERNA, DÍVIDA INTERNA, EXECUÇÃO, CRÍTICA.;LÍDER;
1999-09-16T00:00;"DADOS, RELATÓRIO, BANCO MUNDIAL, AUMENTO, POBREZA, BRASIL, AMERICA LATINA.
CONGRATULAÇÕES, MICHEL TEMER, PRESIDENTE, CÂMARA DOS DEPUTADOS, INCLUSÃO, PAUTA, PROPOSTA, REFORMA TRIBUTÁRIA.";PELA ORDEM;
1999-09-21T00:00;IMPORTÂNCIA, APROVAÇÃO, PROJETO DE LEI, INICIATIVA POPULAR, ALTERAÇÃO, PROCESSO ELEITORAL.;PEQUENO EXPEDIENTE;
1999-10-13T00:00;"PRODUÇÃO AGRÍCOLA, GRÃO, AGROINDÚSTRIA, CAPITAL ESTRANGEIRO.
REFORMA TRIBUTÁRIA, RELEVÂNCIA, DEFESA.";PEQUENO EXPEDIENTE;
1999-10-19T00:00;SESSÃO SOLENE, HOMENAGEM, ANIVERSÁRIO DE FUNDAÇÃO, SP, EMPRESA PIONEIRA DE TELEVISÃO, EPTV.;HOMENAGEM;
1999-10-19T00:00;"PROJETO DE LEI, EXECUTIVO, APENSAMENTO, ALTERAÇÃO, LEGISLAÇÃO 
TRIBUTARIA, PRORROGAÇÃO, VIGENCIA, ALIQUOTA, INCIDENCIA, IMPOSTO DE 
RENDA, PESSOA FISICA, RECOLHIMENTO NA FONTE, APROVAÇÃO, COMISSÃO DE 
FINANÇAS E TRIBUTAÇÃO. 
DISCUSSÃO, VOTO CONTRARIO. 
DEFESA, APRECIAÇÃO, PROPOSTA, PARTIDO POLITICO, (PT), 
PROGRESSIVIDADE, TABELA, IMPOSTO DE RENDA, PESSOA FISICA, VOTO 
VENCIDO, COMISSÃO DE FINANÇAS E TRIBUTAÇÃO, RICARDO BERZOINI, 
RELATOR.";DISCUSSÃO;
1999-10-27T00:00;"EMENDA AGLUTINATIVA SUBSTITUTIVA, PROPOSTA, EMENDA CONSTITUCIONAL, 
RECURSOS FINANCEIROS, RECURSOS ORÇAMENTARIOS, SAUDE PUBLICA, (SUS), 
PRIMEIRO TURNO. 
ENCAMINHAMENTO DE VOTAÇÃO, VOTO FAVORAVEL, PARTIDO POLITICO, (PT).";ENCAMINHAMENTO DE VOTAÇÃO;
1999-10-27T00:00;MENOR, FEBEM, DECADÊNCIA, RECURSOS ORÇAMENTÁRIOS, PPA, SUBSTIUIÇÃO, SISTEMA.;PEQUENO EXPEDIENTE;
1999-10-27T00:00;"EMENDA AGLUTINATIVA SUBSTITUTIVA, PROPOSTA, EMENDA CONSTITUCIONAL, 
RECURSOS FINANCEIROS, RECURSOS ORÇAMENTARIOS, SAUDE PUBLICA, (SUS), 
PRIMEIRO TURNO. 
VOTO FAVORAVEL, PARTIDO POLITICO, (PT).";LÍDER;
1999-11-08T00:00;"REFORMA TRIBUTÁRIA, MUSSA DEMES, RELATOR, PARECER, TRIBUTAÇÃO, PRODUÇÃO, DESENVOLVIMENTO ECONÔMICO, EXPORTAÇÃO, ELOGIO. DISTRIBUIÇÃO DE RENDA, CRÍTICA, APRESENTAÇÃO, DESTAQUE, PT.
REFORMA PREVIDENCIÁRIA, CRÍTICA, APRESENTAÇÃO PROPOSTA, PT.";GRANDE EXPEDIENTE;
1999-11-11T00:00;CONTRADIÇÃO, PROPOSTA, REFORMA TRIBUTÁRIA, COMISSÃO ESPECIAL DA REFORMA TRIBUTÁRIA, AUMENTO, IMPOSTOS, COMISSÃO DE ERRADICAÇÃO DA POBREZA, NECESSIDADE, CRIAÇÃO, FUNDO, COMBATE, POBREZA.;PEQUENO EXPEDIENTE;
2000-01-12T00:00;"VOTO FAVORAVEL, DESTAQUE, EXPRESSÃO, RETIRADA, IMPOSTO, CRIAÇÃO, 
FUTURO, PROPOSTA, EMENDA CONSTITUCIONAL, DESVINCULAÇÃO, RECEITA 
TRIBUTARIA, IMPOSTO FEDERAL, REFORMA TRIBUTARIA, PAUTA, CAMARA DOS 
DEPUTADOS, MICHEL TEMER, PRESIDENTE.";LÍDER;
2000-01-27T00:00;II;PEQUENO EXPEDIENTE;
2000-02-11T00:00;II;GRANDE EXPEDIENTE;
2000-03-29T00:00;"SALARIO MINIMO, DISTRIBUIÇÃO DE RENDA, PODER AQUISITIVO, ECONOMIA 
NACIONAL, CONSUMO. 
CRESCIMENTO, (PIB), INDICE, INFLAÇÃO. 
RELATORIO, RELATOR, COMISSÃO ESPECIAL, PROJETO DE LEI, AUMENTO, 
SALARIO MINIMO, PODER AQUISITIVO, TRABALHADOR. 
REFINANCIAMENTO, DEBITO, NATUREZA TRIBUTARIA. 
EDUARDO PAES, RELATOR.";PEQUENO EXPEDIENTE;
2000-04-13T00:00;"PROJETO DE LEI, ALTERAÇÃO, LEI FEDERAL, (ANEEL), INCLUSÃO, TARIFAS, 
ENERGIA ELETRICA, EXCEÇÃO, ZONA RURAL, CUSTO, CONSUMO, 
ILUMINAÇÃO PUBLICA. 
VOTAÇÃO, EMENDA, VOTO FAVORAVEL, PARTIDO POLITICO, (PT). 
COMPROMISSO, APRESENTAÇÃO, PROPOSTA , EMENDA CONSTITUCIONAL, 
SANEAMENTO, INCONSTITUCIONALIDADE.";LÍDER;
2000-04-25T00:00;II;GRANDE EXPEDIENTE;
2000-05-03T00:00;SOLICITAÇÃO, ESCLARECIMENTOS, VOTAÇÃO, REFORMA TRIBUTÁRIA.;PELA ORDEM;
2000-05-10T00:00;AGRADECIMENTO, APROVAÇÃO, COMISSÃO DE EDUCAÇÃO E CULTURA, PROJETO DE LEI, SISTEMA NACIONAL, PRIMEIRO EMPREGO.;PELA ORDEM;
2000-05-10T00:00;"IMPUGNAÇÃO, ALEGAÇÕES, GOVERNO FEDERAL, QUEBRA, PREVIDENCIA SOCIAL, 
INFLAÇÃO, AUMENTO, ECONOMIA INFORMAL, SALARIO MINIMO. 
AUMENTO, ARRECADAÇÃO, GOVERNO FEDERAL, TRIMESTRE, FALSIDADE, 
ALEGAÇÕES, INFLAÇÃO, SALARIO MINIMO, CRESCIMENTO, ECONOMIA NACIONAL, 
(PIB), PREVISÃO, ORÇAMENTO, UNIÃO FEDERAL. 
DADOS, (IBGE), CONCENTRAÇÃO DE RENDA. 
DESIGUALDADE SOCIAL, DISTRIBUIÇÃO DE RENDA, BANCO PARTICULAR, 
BANCO BOZANO SIMONSEN S/A. 
FERNANDO HENRIQUE CARDOSO, PRESIDENTE DA REPUBLICA.";PEQUENO EXPEDIENTE;
2000-05-16T00:00;"PROJETO DE LEI COMPLEMENTAR, ALTERAÇÃO, LEI KANDIR. 
CRIAÇÃO, FUNDOS, SUBSTITUIÇÃO, SEGURO. RECEITA, (ICMS). 
RESTRIÇÃO, CREDITO, AQUISIÇÃO, ENERGIA ELETRICA, SERVIÇO DE 
COMUNICAÇÕES. 
MANUTENÇÃO, CREDITO, AQUISIÇÃO, BENS, ATIVO, CARATER PERMANENTE. 
FIXAÇÃO, PRAZO, APROPRIAÇÃO, CREDITO, DEBITO, EMPRESA. 
ENCAMINHAMENTO DE VOTAÇÃO, VOTO FAVORAVEL, ACORDO, 
GOVERNADOR, ESTADOS, (CONFAZ), MATERIA. 
RECUPERAÇÃO, PERDA, RECEITA, MUNICIPIOS. 
NECESSIDADE, DECISÃO, CAMARA DOS DEPUTADOS, VOTAÇÃO, REFORMA 
TRIBUTARIA.";ENCAMINHAMENTO DE VOTAÇÃO;
2000-05-24T00:00;SERVIDOR PÚBLICO, MANIFESTAÇÃO COLETIVA, GREVE, REIVINDICAÇÃO, SALÁRIO, REAJUSTE, APOIO.;PELA ORDEM;
2000-06-07T00:00;POLÍTICA TRIBUTÁRIA, FERNANDO HENRIQUE CARDOSO, PRESIDENTE DA REPÚBLICA, CRÍTICA, TRIBUTAÇÃO, SISTEMA TRIBUTÁRIO NACIONAL, URGÊNCIA, REFORMULAÇÃO, RELEVÂNCIA, REFORMA TRIBUTÁRIA.;GRANDE EXPEDIENTE;
2000-06-21T00:00;"MORTE, CRIANÇA, INCÊNDIO, MUNICÍPIO, URUGUIANA.
CLASSIFICAÇÃO, BRASIL, CRITÉRIOS, ONU, ASSISTÊNCIA, SAÚDE.";PEQUENO EXPEDIENTE;
2000-08-08T00:00;HOMENAGEM, ANIVERSÁRIO DE FUNDAÇÃO, IGREJA EVANGÉLICA, IGREJA UNIVERSAL DO REINO DE DEUS.;PELA ORDEM;
2000-08-08T00:00;"SUBSTITUTIVO, SENADO, PROPOSTA, EMENDA CONSTITUCIONAL, FIXAÇÃO, 
PRAZO, UNIÃO FEDERAL, ESTADOS, MUNICIPIOS, PAGAMENTO, PRECATORIO, 
SENTENÇA JUDICIAL, PRIMEIRO TURNO. 
EMENDA, PARECER CONTRARIO. 
VOTO CONTRARIO, PARTIDO POLITICO, (PT).";LÍDER;
2000-09-12T00:00;PROJETO DE LEI, ALTERAÇÃO, LEGISLAÇÃO, CRITÉRIO, PARTICIPAÇÃO, LICITAÇÃO. INCLUSÃO, BULA DE MEDICAMENTO, ADVERTÊNCIA, RECOMENDAÇÃO, PACIENTE.;PELA ORDEM;
2000-12-06T16:52;"PROJETO DE LEI COMPLEMENTAR, ALTERAÇÃO, CÓDIGO TRIBUTÁRIO NACIONAL, COMBATE, ELISÃO FISCAL, VOTO FAVORÁVEL, PARTIDO POLÍTICO, (PT), SUBSTITUTIVO.
GOVERNO FEDERAL, REFORMA TRIBUTÁRIA.
PLANEJAMENTO, NATUREZA FISCAL, IMPOSTOS, MERCADO FINANCEIRO.";PELA ORDEM;"O SR. ANTONIO PALOCCI (PT-SP. Pela ordem. Sem revisão do orador.) - Sr. Presidente, os relatórios dos Deputados Eduardo Paes e Antonio Cambraia simplificam bastante o projeto original de modificação do Código Tributário, praticamente reduzindo-o à questão da norma antielisão. Isso, por um lado, facilita a votação que estamos fazendo hoje aqui. Mas, por outro, corrige questões gravíssimas que existiam no projeto original enviado pelo Poder Executivo, além da perda de algumas questões positivas constantes do projeto. 
	Gostaria de ressaltar apenas dois aspectos: primeiro, continuamos na nossa vida de fazer remendos tributários, na medida em que o Governo joga a discussão de reforma estrutural, que o País exige, para as calendas gregas. Portanto, o tempo e os meios se sucedem, mas continuamos numa prática de remendos, que vão produzindo um grande mostrengo tributário, exatamente o que temos no País. 
Em particular, quanto à norma antielisão, é uma necessidade para o Brasil, porque, mais do que nunca, o setor que mais cresce em matéria tributária no País é o do planejamento fiscal. E o planejamento fiscal não cresce em função da criação de justiça fiscal, da progressividade dos impostos, da valorização dos mais pobres. Planejamento fiscal se dá principalmente em defesa dos grandes setores da economia, em particular, do capital financeiro, dos que têm mais condições de fazer planejamento fiscal e pagar menos impostos.
 Por isso, a norma antielisão é necessária no Brasil.
 Se essa norma  estiver na  forma da lei, teremos um instrumento para fazer com que não haja uma aplicação arbitrária da autoridade tributária, no sentido de impedir que o cidadão se utilize do seu direito de pagar imposto segundo o que a Constituição estabelece e não segundo imposição daquela autoridade.
	Por essa razão, encaminhamos voto ""sim"" ao relatório proposto pelos nobres Relatores.
	Muito obrigado."
2000-12-13T15:52;"DESPEDIDA, ORADOR, CÂMARA DOS DEPUTADOS, POSSE, PREFEITURA MUNICIPAL.
AGRADECIMENTO, HOMENAGEM, DEPUTADO FEDERAL.";GRANDE EXPEDIENTE;"O SR. ANTONIO PALOCCI (PT-SP. Sem revisão do orador.) – Sr. Presidente, Sras. e Srs. Deputados, ocupo a tribuna, acredito, pela última vez, na medida em que, no dia 1º de janeiro próximo, assumirei o cargo de Prefeito da cidade de Ribeirão Preto, o qual a população daquela cidade honrou-me no dia 1º de outubro.
Portanto, acredito que esta seja a última vez que me dirigido ao membros desta Casa, com os quais convive em dois anos de um rico debate e de um excelente relacionamento.
	Sr. Presidente, antes de falar das questões aqui trabalhadas, quero dizer que foi uma satisfação imensa ter sido membro da bancada do Partido dos Trabalhadores. Assumi meu mandato ainda como Presidente do PT de São Paulo e aqui encontrei 60 valorosos companheiros da bancada. 
Tive também uma boa convivência com Deputados de outros partidos, com os quais dividi responsabilidades nas Comissões, nas discussões e votações em plenário, enfim, no dia-a-dia do trabalho legislativo. 
Saio daqui com 512 amigas e amigos que aprendi a respeitar e com os quais dividi grandes responsabilidades. 
Tenho certeza de que aprendi muito nesse período que aqui passei, porque, sem dúvida, o Congresso Nacional é a maior escola política do País.
	Ouço, com prazer, o aparte do Deputado Corauci Sobrinho.
	O Sr. Corauci Sobrinho – Deputado Antonio Palocci, neste momento em que V.Exa. praticamente faz sua última intervenção dessa tribuna, porque, como já disse, vai tomar posse como Prefeito no dia 1º de janeiro, não poderia deixar de consignar meu respeito e minha admiração pelo trabalho que desenvolveu aqui ao longo desses dois anos,
seja nas Comissões Permanentes, seja no plenário como Vice-Líder, seja no Estado de São Paulo como Presidente Regional do PT. Tivemos sempre uma convivência harmoniosa e conciliadora. A decisão do povo de Ribeirão Preto de, novamente, outorgar a V.Exa. os destinos maiores de nossa cidade é, sem dúvida, referendada pelo seu governo no período entre 1989 e 1992, quando lá imprimiu um trabalho modernizador, progressista. Mais ainda, foi em reconhecimento ao trabalho desenvolvido pelo nobre Deputado nesta Casa nos últimos dois anos como Vice-Presidente da Comissão da Reforma Tributária. Durante todo esse tempo, V.Exa. lutou para que a reforma tributária fosse efetivamente votada. Enfim, nas grandes questões nacionais, jamais se esqueceu da sua base, a região de Ribeirão Preto. Por isso, ao mesmo tempo em que me entristeço com sua saída desta Casa, pois vamos perder um grande Deputado, alegro-me, porque sei que minha cidade terá um mandatário à altura dos seus problemas e da sua realidade. Com certeza, V.Exa. terá na nossa cidade a mesma competência que já demonstrou no passado para equacionar os grandes desafios que terá naquela cidade e naquela região. 

Desejo-lhe muito sucesso na nova caminhada. Como já disse pessoalmente, pode contar com este Deputado toda vez que o interesse da região de Ribeirão Preto for questionado em Brasília, em São Paulo. Onde for necessário, estaremos perfilados para levar adiante os projetos para o bem da nossa cidade e da nossa região. Que Deus o acompanhe sempre.
	O SR. ANTONIO PALOCCI - Muito obrigado, Deputado Corauci Sobrinho.
Embora em partidos tão distantes, eu e V.Exa. convivemos de forma muito direta e companheira.
Portanto, é uma honra para mim receber seu aparte neste momento. 
Tenho certeza de que a região de Ribeirão Preto terá, como tem tido nesses últimos anos, representação à altura, concentrada também na sua pessoa.
	Ouço, com prazer, o Deputado Aloizio Mercadante, Líder da minha bancada.
	O Sr. Aloizio Mercadante – Deputado Antonio Palocci, como muitos companheiros querem participar deste momento, rapidamente, quero parabenizar a cidade de Ribeirão Preto por levá-lo de volta à função de Prefeito. Pela sua competência e pela qualidade da sua administração, V.Exa. projetou aquela cidade do Estado de São Paulo e, diria, a si mesmo como uma liderança nacional. Tenho certeza de que será um imenso êxito sua administração, sobretudo porque V.Exa. vai levar para Ribeirão Preto vivência administrativa e de política nacional. Falando pela bancada, digo que é uma imensa perda para todos nós. 
O companheirismo, a generosidade, a serenidade, as contribuições que V.Exa. tem dado à nossa bancada marcaram cada um de nós ao longo desses dois anos. Mais que um companheiro parlamentar, V.Exa. tem sido um amigo de todas as horas, um conselheiro absolutamente essencial nos momentos difíceis, de lealdade acima de tudo nos embates que travamos. Tenho absoluta segurança de que sua intervenção de hoje é a última desta Sessão Legislativa, mas seguramente não será a última da história do Brasil. O Brasil e esta Casa precisam de homens como V.Exa., com seu caráter, suas atitudes e sua competência, compromissados fundamentalmente com a justiça social e a construção de um país mais soberano e generoso para seu povo. Por tudo isso, muito obrigado pela convivência. Tenha certeza de que nossa bancada vai apoiá-lo em tudo que for necessário na nova empreitada. Tenho imenso orgulho de ter convivido e compartilhado esses anos de mandato parlamentar com V.Exa., que muitas saudades deixa na nossa bancada.
	O SR. ANTONIO PALOCCI – Muito obrigado, Deputado Aloizio Mercadante. Tem sido uma honra muito grande estar na bancada do PT pelos valorosos companheiros e companheiras que temos e, em especial, pela liderança que V.Exa. exerce de maneira tão ampla e vigorosa nesta Casa. Muito obrigado pelas suas palavras.
	Ouço o Deputado Antonio Kandir.
	O Sr. Antonio Kandir – Prezado Deputado Antonio Palocci, V.Exa. e eu não pertencemos ao mesmo partido. Eu sou do PSDB, e V.Exa. é do PT.
 Temos várias divergências, e alguns pontos em comum. Nossos partidos têm travados muitos embates, com algumas convergências, nos quais tenho aprendido a respeitar os representantes do PT — vários deles presentes neste momento no plenário —, porque, ainda que em alguns momentos o debate seja duro, há sempre lealdade e busca de convergência, no interesse do País. Entre esses Parlamentares, destaco, em particular, V.Exa., pela sua atuação. Tive enorme prazer de, em vários momentos, em diversas situações, compartilhar a possibilidade de tentarmos, juntos, construir determinadas soluções, mesmo com as nossas divergências, cada um no seu campo. Realmente, aprendi a respeitá-lo, e muito. Acho que o seu trabalho como Parlamentar foi extremamente importante para o Congresso e vital para a Comissão da Reforma Tributária, onde somos companheiros. Compartilhamos a Vice-Presidência daquela Comissão, sob a Presidência do Deputado Germano Rigotto e Relatoria do Deputado Mussa Demes. Como seu companheiro de Vice-Presidência, quero testemunhar que, se chegamos onde chegamos na reforma tributária, isso deve-se ao enorme talento, espírito público, de lealdade e companheirismo de V.Exa. É preciso dizer que a reforma tributária é um processo longo, mas avançamos juntos e conseguimos, na verdade, preparar o terreno para essa reforma, que será vitoriosa. Como muito bem disse o seu Líder, V.Exa. tem espírito de lealdade, companheirismo e a postura de construir sempre. Por isso, na reforma tributária seu trabalho foi fundamental e decisivo para que avançássemos. Certamente este Congresso e o PT cresceram muito com a sua participação.
 Portanto, num primeiro momento, esta minha mensagem é de tristeza, considerando que o Congresso Nacional e o Partido dos Trabalhadores perdem um Deputado do seu valor, da sua qualidade. Mas tenho certeza de que sua administração em Ribeirão Preto construirá um processo positivo de política pública. Desejo toda sorte e V.Exa. e a todos os moradores de Ribeirão Preto e região, que certamente muito irão se beneficiar. Parabéns, Deputado Antonio Palocci! Realmente, foi uma grande honrar compartilhar esse período com V.Exa., que nos deixa forte sentimento de amizade. Espero que possamos estar juntos por muito tempo.
	O SR. ANTONIO PALOCCI – Muito obrigado, Deputado Antonio Kandir. V.Exa. me fez aprender, mais uma vez, que mesmo com posições políticas distantes é possível construirmos em conjunto projetos nesta Casa. Realmente, é uma honra receber sua palavra neste momento. 
	Ouvirei o nobre Deputado Milton Temer e, depois, o Prefeito, também eleito, Deputado José Machado. 
	O Sr. Milton Temer – A quem também queremos elogiar. Meu amigo Antonio Palocci, quero, primeiro, pedir desculpas pela informalidade, que se deve muito mais à forma como convivemos todo esse tempo. V.Exa. é um dos meus mais novos velhos amigos, pela convivência nesta Casa. O Deputado Arlindo Chinaglia, no início desta Legislatura, já me alertava, com a experiência de Secretário-Geral do PT, de conhecer todos os quadros do partido — aquele velho burocratismo que marca a Secretaria-Geral do PT —, dizendo o seguinte: ""O Palocci é capaz de congregar todo mundo. Você vai ver"". Por isso, não é nenhuma surpresa que os moderadores venham à tribuna para louvá-lo, mas o importante é que os chamados chutadores de balde também o fazem com o maior orgulho. 
Isso mostra que V.Exa., companheiro Palocci, é um Deputado que é referência do partido, pela sua capacidade de mostrar o que é o PT — não é que nos escondamos das divergências ou das vocações distintas. V.Exa. é capaz de ser Líder, conforme o foi na Comissão de Reforma Tributária, como bem citado pelo Deputado Antonio Kandir. Lá, tive a honra de ser seu liderado e a tranqüilidade de sempre entregar a V.Exa. a capacidade de decidir, sem nenhuma necessidade de estar acompanhando tudo, com a certeza de que sua decisão atendia ao PT, aos interesses do povo brasileiro e, principalmente ao assalariado. Tenho muito orgulho de ter convivido com V.Exa. e de ter-me inscrito, tenho certeza, entre seus amigos pessoais. Desejo muita sorte e muitas felicidades a V.Exa. em Ribeirão Preto!
	O SR. ANTONIO PALOCCI – Obrigado, Deputado Milton Temer. Saiba que deixo este Congresso tendo em V.Exa. um grande amigo, um amigo de primeira hora.
	Ouço, com prazer, o Deputado José Machado.
	O Sr. José Machado – Prezado companheiro, Deputado Antonio Palocci, Prefeito eleito de Ribeirão Preto, prevaleço-me deste seu pronunciamento para também, quem sabe, fazer minha despedida deste Plenário. Nesta Casa, fiquei um tempo maior que V.Exa. Estou completando seis anos de Câmara dos Deputados. Foi um tempo de muito trabalho, muita luta e muita convivência fraterna com os companheiros da bancada do Partido dos Trabalhadores. Foi uma convivência muito cordial e de muito diálogo com todos os Deputados.
Deixo registrado os meus agradecimentos por todo esse tempo de convivência, de muito trabalho e construção democrática. Tive a honra, Deputado Antonio Palocci, de ter sido Líder da bancada do PT em 1997, período agudo para o País, de grandes reformas e grandes embates políticos. Para mim, foi um momento de muita experiência. Como Prefeito, sou de uma geração anterior a de V.Exa.. Fui Prefeito de Piracicaba, de 1989 a 1992, e V.Exa. veio na geração seguinte. Agora, voltamos juntos. V.Exa. e eu temos a responsabilidade de governar dois Municípios pujantes, históricos, do interior do Estado de São Paulo. Tenho a certeza de que a nossa convivência e o nosso trabalho em conjunto serão de muito diálogo, muita colaboração e solidariedade. Na gestão de V.Exa., foi possível desenvolver muitos projetos emblemáticos, que deram a V.Exa. projeção nacional. Espero, agora, nesta oportunidade histórica de estar a seu lado, ao governar Piracicaba, oferecer e receber contribuições, no sentido de construirmos, de maneira cada vez mais aprofundada, uma forma democrática e participativa de governar, voltada para as transformações sociais e para a preocupação muito séria quanto à ética na política. Estou certo de que teremos, juntos, a possibilidade e a responsabilidade de exercitar nossos mandatos com muita colaboração e estreita relação política, de modo a cravarmos, no pujante Estado paulista, duas administrações que possam ser referências para nosso País.
A possibilidade e a responsabilidade de exercer dois mandatos de muita colaboração e estreita relação política, de modo a cravarmos no nosso pujante Estado paulista duas administrações que sirvam de referência para o País. Evidentemente, não queremos dar lição a ninguém, mas, com certeza, podemos contribuir para o bem-estar da nossa gente. V.Exa. já deu sua contribuição, quando foi Prefeito pela primeira vez. Em outra conjuntura, também realizei trabalho que acredito tenha sido importante para o momento. Voltamos agora, numa nova conjuntura, num novo desafio. Desejo-lhe toda sorte e felicidade e uma gestão extremamente profícua, a favor da comunidade de Ribeirão Preto. Tenha em mim um companheiro leal, solidário, que vai trocar com V.Exa. experiências úteis não apenas para nossos partido e comunidades, mas para o Estado São Paulo e a Nação. Felicidades a V.Exa.
	O SR. ANTONIO PALOCCI – Muito obrigado Deputado José Machado. Receba também nossos desejos de pleno sucesso frente à gestão de Piracicaba, que certamente V.Exa. terá, como Prefeito experimentado que é.
	Ouço com prazer o aparte do Deputado Arlindo Chinaglia.
	O Sr. Arlindo Chinaglia – Prezado companheiro Antonio Palocci, não posso deixar de fazer referência ao tempo em que observo sua atividade política, o mesmo que tenho privado de amizade que sempre nos enriquece. Vou citar como exemplo o Deputado Milton Temer, que aqui falou uma verdade e fez uma confissão:
a verdade é que de fato eu havia alertado sobre sua capacidade; a confissão é que a Secretaria-Geral do PT acerta, quando analisa e alerta. S.Exa., ao levar em conta a Secretaria-Geral do PT, se deu bem. Tenho hoje duas satisfações, mas com o sentimento contraditório de que, ao V.Exa. deixar a Câmara dos Deputados — e Parlamentares de vários partidos demonstram isso —, vai gerar um sentimento de perda. Mas sabemos que, no exercício do mandato, leva o reconhecimento da população que o viu nascer e crescer como cidadão e político. Esse sentimento, portanto, sublimamos com o objetivo de separar quem tem compromisso na vida de quem tem objetivos de fazer justiça e escolhas, como V.Exa.. Neste momento, desejo-lhe sucesso, tanto político quanto pessoal.
	O SR. ANTONIO PALOCCI – Obrigado, Deputado Arlindo Chinaglia. É uma honra receber seu aparte.
	Ouço com prazer o Deputado Professor Luizinho.
	O Sr. Professor Luizinho – Nobre Deputado Antonio Palocci, preciso agradecer-lhe a convivência desde a época sindical do funcionalismo público do Estado de São Paulo até os dias de hoje. São poucas as oportunidades para agradecimentos, precisamos saber aproveitá-las. Ter V.Exa. como líder, professor na arte de bem saber conduzir a coisa pública, os interesses da maioria,
trabalhar as divergências e buscar caminhos é muito gratificante. Tive a felicidade de conviver com essa experiência na Assembléia Legislativa de São Paulo; vi seu trabalho na Prefeitura de Ribeirão Preto, consagrando a região uma das mais fortes e potentes do Estado, elegendo mais de quinze prefeituras; vi sua conduta na Presidência do Diretório Regional. Temos de reconhecer que V.Exa. muito ajudou no caminho para chegarmos aonde chegamos em São Paulo, com a vitória do PT. As condições em que encontramos a unidade partidária no Estado e o convívio nesta Casa, bebendo mais uma vez da sua experiência, liderança e convívio pessoal é um prêmio. Desejo que a população de Ribeirão Preto, que acertou na opção, consagre a administração que V.Exa. vai iniciar. Bom caminho, boa triagem. O Brasil vai continuar crescendo com trabalhos da envergadura dos que V.Exa. desenvolve.
	O SR. ANTONIO PALOCCI – Muito obrigado, Deputado Professor Luizinho.
	Ouço com prazer o Deputado João Paulo.
	O Sr. João Paulo – Deputado Antonio Palocci, sua vitória é um misto de alegria e tristeza. Tristeza, porque deixará, a partir de 1º de janeiro, a convivência diária com esta Casa, a que me acostumei, porque é a segunda vez que se despede deste Deputado.
No exercício do mandato estadual, em 1992, lembro muito bem que fez discurso também de despedida e que, na saudação, disse ""até breve"". Acabamos nos reencontrando aqui em Brasília. Porém, não somente foi esse episódio: lembro bem que, quando deixava a Presidência do Diretório Regional de São Paulo, passei a faixa a V.Exa. e disse ""até breve"". Portanto, nossos caminhos se têm encontrado em diversos momentos. Tem sido para mim uma satisfação muito grande conviver com V.Exa., sua sabedoria, qualidade que poucos políticos possuem. A sabedoria principal de um político é saber muito bem que a dimensão do universal é o conhecimento da sua própria aldeia, e V.Exa. sabe fazer isso muito bem. Tanto é que o vínculo, a raiz, o conhecimento e o amor que tem para com Ribeirão Preto, e vice-versa, traduzem o mesmo sentimento que o motiva a conhecer o Brasil e o mundo e a saber distinguir e conduzir a política com os olhos voltados para o universal e para a aldeia. A tristeza de perder a convivência com V.Exa. é da mesma dimensão que a alegria de saber que a população da sua cidade terá um governante que ama e conhece as necessidades de seu povo. Parabéns, Deputado Antonio Palocci, e até breve.
	O SR. ANTONIO PALOCCI – Até breve. 
	Ouço com prazer o Deputado Eliseu Resende.
	O Sr. Eliseu Resende – Deputado Antonio Palocci, nossa convivência nesta Casa não foi muito longa, mas plena de admiração e respeito pelo seu trabalho, particularmente na Comissão da Reforma Tributária. Vamos ter o prazer de ouvir também as palavras do Presidente da Comissão, Deputado Germano Rigotto, e do Relator, Deputado Mussa Demes, testemunhas do seu esforço, do seu trabalho de paciência, de compartilhamento de idéias, do seu mergulho no ""algebrismo"" tributário, particularmente em defesa dos Municípios.
Portanto, trago-lhe minha palavra de congratulação. Desejo-lhe uma brilhante administração na cidade de Ribeirão Preto e espero que esse brilho se estenda sobre o sudoeste de Minas Gerais, de modo a que possamos auferir benefícios da sua competente e moderna atuação na vida pública.
	O SR. ANTONIO PALOCCI – Muito obrigado, Deputado Eliseu Resende, foi um prazer receber seu aparte.
	Ouço com prazer o Deputado Maluly Netto, também Prefeito, que deixará esta Casa.
	O Sr. Maluly Netto – Eminente Deputado Antonio Palocci, V.Exa. deixa para esta Casa exemplo de dignidade, respeito e amizade constante e, sem dúvida, tristeza por sua partida. Mas dá alegria ao povo de Ribeirão Preto e a todo nós, pelo muito que haverá de fazer por aquela população do interior de São Paulo. Orgulho-me de ombrear com V.Exa., já que também assumo, a partir de 1º de janeiro, a Prefeitura Municipal de Araçatuba. Triste e lamentavelmente vou recebê-la — e só por isso aceitei o desafio de disputar as eleições — com um orçamento de 137 milhões e uma dívida em muito superior a 300 milhões. Em boa hora veio a Lei da Responsabilidade Fiscal, que nos permitirá corrigir esses erros.
Depois de ser Prefeito de outra cidade, Mirandópolis, depois de três mandatos na Assembléia Legislativa de São Paulo, do sexto mandato nesta Casa, onde  cultivei, para minha alegria, tantos amigos, em tantas legislaturas, partiremos desta Casa, mas deixaremos um até breve, um até já, porque voltaremos, ainda que não oficialmente, para viver esta amizade que não se apaga de forma alguma. Parabéns a V.Exa, que Deus ilumine o seu caminho. É o que desejamos querido colega, Deputado Antonio Palocci.
	O SR. ANTONIO PALOCCI – Ouço, com prazer, o Deputado Germano Rigotto, Presidente da Comissão de Reforma Tributária, que conheci na minha cidade, há muitos anos,  como Líder do Governo, enquanto visitava a 1ª Agrishow, hoje a maior feira agropecuária que se realiza no País.
	O Sr. Germano Rigotto – Deputado Antonio Palocci, não poderia deixar de aparteá-lo nesta hora em que V.Exa. se despede desta Casa — despedida que chega a nos emocionar. Aprendemos a respeitar V.Exa., como amigo, como companheiro não de partido, mas desta Casa. V.Exa. é um homem competente, capacitado, corajoso, um homem que acredita naquilo que defende. Tive a oportunidade de conviver com V.Exa. como meu Vice-Presidente na Comissão de Reforma Tributária, e muito me honra e  me alegra poder ocupar a tribuna para dizer que o que conquistamos com muita dificuldade na Comissão de Reforma Tributária — que só não chegou ainda ao plenário porque o Governo não se convenceu da importância dessa reforma —, aquela mobilização nacional, foi um trabalho que, acredito, engrandeceu esta Casa. Entregamos ao Presidente Michel Temer um projeto de reforma agrária, praticamente aprovado por unanimidade, que muito se deveu a sua capacidade, a sua liderança e a sua presença constante na Comissão. Deputado Antonio Palocci, a Casa perde um grande Parlamentar, mas, com certeza, Ribeirão Preto terá um grande Prefeito, como V.Exa. já foi quando da sua primeira administração. Acredito que não será fácil superá-la, mas conhecendo V.Exa. como conheço, conseguirá aquilo que parece impossível: a superação e um trabalho ainda mais importante para Ribeirão Preto do que fez a sua primeira administração. Deputado Antonio Palocci, fico muito triste ao ver V.Exa. se afastando da Casa, mas quero desejar-lhe todo sucesso, pela sua dignidade, capacidade, honradez, enfim, por tudo que V.Exa. representou para esta Casa nesse período em que aqui esteve. Foi com muito orgulho que tive V.Exa. como meu Vice-Presidente, e não tenho dúvida, Deputado Palocci, que o seu trabalho na Comissão de Reforma Tributária foi importante. Teremos essa reforma, mais cedo ou mais tarde, votada neste plenário. 
Talvez V.Exa. não estará presente para dar seu voto, mas estará vibrando com aquilo que iremos conseguir, como resultado de mobilização e de pressão que faremos para, inclusive, compensar todo o trabalho que foi feito até agora. Parabéns, felicidades, e que V.Exa. seja, mais uma vez, o grande Prefeito em Ribeirão Preto. 
	O SR. ANTONIO PALOCCI (PT-SP. Sem revisão do orador.) - Obrigado, Deputado Germano Rigotto. Foi uma grande honra conviver com V.Exa. tão de perto no período em que estive nesta Casa. Muito obrigado.
	O Sr. Dr. Hélio - V.Exa. concede-me um aparte?  
	O SR. ANTONIO PALOCCI - Com todo o prazer, Deputado.
	O Sr. Dr. Hélio - Deputado Antonio Palocci,  em nome do PDT, desejo a V.Exa. um profícuo trabalho. O PDT  escolheu um homem competente, experiente e sério para administrar Ribeirão Preto. Desejo  ressaltar ainda que uma das qualidades principais de V.Exa. é saber superar todas as dificuldades. V.Exa. já provou isso como médico e como ex-Prefeito de Ribeirão Preto. E certamente saberá enfrentar as grandes dificuldades e os grandes desafios por que passa Ribeirão Preto e região e, com isso, servir de exemplo para todo o Estado de São Paulo, contribuindo, para isso, com esta pausa que V.Exa. faz aqui, a fim de mostrar para a Nação que é possível, com firmeza, seriedade e ética, levar este País a bom  termo. Parabéns a V.Exa. 
	O SR. ANTONIO PALOCCI (PT-SP. Sem revisão do orador.) - Obrigado, Deputado Dr. Hélio. Agradeço, de público, o apoio do PDT, por intermédio do apoio que V.Exa. e o Deputado Rafael Silva nos deram quando da eleição e na construção do Governo de nossa cidade. Muito obrigado.
	Ouço, com prazer, o nobre Deputado Waldir Pires.
	O Sr. Waldir Pires – Querido colega, V.Exa. é unanimidade nesta Casa, por sua dignidade, inteligência, capacidade de servir e compreensão do ser humano. Seu exemplo o impede de falar no período do Grande Expediente, porque a Casa lamenta sua partida. Sendo seu companheiro de partido, quero dizer que foi uma honra conviver com V.Exa. Redobro em mim as esperanças dos homens públicos deste País, quando vejo uma pessoa da sua competência, da sua geração e com seus compromissos. Permita-me dizer, querido companheiro, que, indo para Ribeirão Preto e continuando sua trajetória, como fez na Câmara dos Deputados, antevejo para seu destino grandes missões, grandes tarefas em nosso País, na imensa transformação da sociedade que deve realizar. Muito obrigado.
	O SR. ANTONIO PALOCCI – Muito obrigado, Deputado Waldir Pires. Foi um enorme prazer conviver com V.Exa., grande professor de todos nós.
	Ouço, com prazer,  o nobre Deputado José Dirceu.
	O Sr. José Dirceu – Deputado Antonio Palocci, foi com tristeza e ao mesmo tempo com alegria que ouvimos seu pronunciamento de despedida. Eu estava em audiência com o Ministro da Reforma Agrária, por isso não pude estar presente desde o início da sua fala. Desejo-lhe boa sorte, o que V.Exa. precisará, porque hoje é um desafio governar cidades no Brasil. V.Exa. fará falta à bancada do PT na Câmara e no Congresso. Reafirmo que Ribeirão está em boas mãos e destaco a sua importância na construção da vitória do PT em São Paulo. 
 Partido obteve 4 milhões e 800 mil votos nas eleições majoritárias municipais, 25% dos votos válidos do Estado. V.Exa. foi Presidente do PT na gestão 97/99, Vereador, Deputado Estadual, Prefeito de Ribeirão Preto,  Presidente da CUT da Região, acumulou grande experiência política de Governo e hoje é uma liderança nacional, não só do PT, mas do Brasil. Reconhecido, V.Exa. tem  trânsito e legitimidade não só nos partidos de oposição, mas também no Governo e, particularmente, no empresariado brasileiro, o que é muito importante para o futuro do Brasil e, também, para o futuro do PT. Quero dizer que o Deputado Antonio Palocci honrou a bancada do PT, o nosso partido, e hoje é uma liderança nacional do PT. Boa sorte. Estaremos aqui sempre à disposição de V.Exa., para, juntos, governarmos a cidade de Ribeirão Preto e ajudarmos o nosso Estado de São Paulo.
O SR. ANTONIO PALOCCI – Muito obrigado, nobre Deputado José Dirceu. 
Para mim, nobre Deputado, é uma honra partilhar do trabalho da bancada com V.Exa., sobretudo, ser membro do PT, em especial, sob a Presidência de V.Exa..
O Sr. José Dirceu – Bondade de V.Exa.
	O SR. ANTONIO PALOCCI – Ouço, com prazer, o Deputado Moreira Ferreira.
O Sr. Moreira Ferreira -  Meu caro amigo Palocci, companheiro de jornada na Comissão da Reforma Tributária. Eu também não poderia deixar de me associar a todas essas manifestações que lhe são merecidamente feitas, porque V.Exa. tem sido um exemplo para todos nós, um exemplo de dignidade, de competência, de seriedade. 
E ao mesmo tempo em que vai fazer muita falta — particularmente na guerra que temos travado pela reforma tributária, que um dia veremos vitoriosa —, Ribeirão Preto está de parabéns por tê-lo de novo à frente de seus destinos. Temos certeza de que V.Exa. fará uma administração correta, competente, dentro daquilo que o povo espera nessa cidade tão importante para o Estado de São Paulo e o Brasil. Não podia deixar de abraçar-lhe neste momento e, como companheiro de bancada paulista, dizer que tive muito prazer de conviver com você bons momentos na Casa.  Não são muitos, mas tivemos bons momentos, particularmente na Comissão da Reforma Tributária, presidida pelo querido Deputado Germano Rigotto e tendo como Relator o querido Mussa Demes. Parabéns a você e  a Ribeirão Preto!
	O SR. ANTONIO PALOCCI - Muito obrigado, Deputado Moreira Ferreira.
	Ouço, com prazer, o  nobre Deputado Adolfo Marinho.
	O Sr. Adolfo Marinho – Nobre Deputado, quero associar-me aos seus companheiros de partido, aos diversos companheiros da Casa, nesse sentimento de perda e também à homenagem que prestamos a V.Exa. por todas essas virtudes exaltadas: competência, espírito público, capacidade invulgar de articular e de conviver. Porém, quero reportar-me ao momento em que o conheci. V.Exa. era Prefeito em sua primeira administração, e eu trabalhava no Governo Federal, como Secretário Nacional de Habitação. Pude conhecer de perto o trabalho que V.Exa. desenvolvia. 
Por isso, no  momento em que V.Exa. se prepara para iniciar um novo mandato — competindo consigo mesmo, o que não será fácil —, quero deixar muito claro que há em todos nós, que gostamos da questão urbana brasileira, uma grande expectativa. Entre todas as suas virtudes, destaco a capacidade de enxergar à frente, de ousar com equilíbrio e segurança. Com certeza, Ribeirão Preto ganha muito com o exercício do mandato de V.Exa. O Brasil ficará olhando para Ribeirão Preto, na certeza de que será uma boa experiência, um grande referencial. Parabéns e sucesso!
	O SR. ANTONIO PALOCCI – Muito obrigado, Deputado Adolfo Marinho.
	Concedo aparte ao Deputado Edinho Araújo.
	O Sr. Edinho Araújo – Nobre Deputado Antonio Palocci, conheci V.Exa. na Assembléia Legislativa de São Paulo no mandato de 1990 a 1994. Em 1992, V.Exa., como faz hoje, despediu-se daquela Casa para assumir a Prefeitura de nossa querida Ribeirão Preto, onde estudei por oito anos. V.Exa. fez uma administração inovadora, revolucionária — poderia até dizer —, que chamou a atenção do Brasil. Voltamos a nos encontrar no Congresso Nacional. Hoje, V.Exa. se despede mais uma vez para voltar a governar Ribeirão Preto. Não tenho dúvida, como disseram os companheiros que nos antecederam, de que V.Exa. terá que superar a si próprio, porque já foi um grande Prefeito, e mais uma vez V.Exa. fará um grande governo naquela cidade. Estaremos muito próximos, de São José do Rio Preto, ficarei com os olhos postos no Governo de V.Exa, para compreender e aprender muito com a administração que haverá de desenvolver naquela cidade.
Boa sorte! Deus o abençoe! V.Exa. é, sem dúvida, liderança e político da nova geração, exemplo para todos nós.
	O SR. ANTONIO PALOCCI – Obrigado, Deputado Edinho Araújo. Desejo-lhe sucesso na administração da grande São José do Rio Preto — cidade irmã de Ribeirão Preto —, que certamente terá um grande desenvolvimento em suas mãos.
	Concedo aparte ao Deputado Luiz Carlos Hauly.
	O Sr. Luiz Carlos Hauly – Caro Deputado Antonio Palocci, não podia deixar de lhe trazer um abraço e desejar-lhe felicidades na nova empreitada. Foi uma alegria conviver com V.Exa. na Comissão de Reforma Tributária e em outras atividades. Com tranqüilidade, discernimento e experiência de administrador municipal,  V.Exa. contribuiu grandemente com o Parlamento e com seu Partido. Perde o Congresso e o Partido de V.Exa., mas ganha Ribeirão Preto e a administração pública municipal do País. Um grande abraço.  Felicidades! Que Deus o abençoe na nova jornada.
	O SR. ANTONIO PALOCCI – Muito obrigado.
	Deputado Mussa Demes, por favor.
	O Sr. Mussa Demes – Meu prezado companheiro Antonio Palocci, o juízo que faço a seu respeito está  resumido no cartão que lhe encaminhei pouco depois do resultado da eleição que o faz voltar à cidade de Ribeirão Preto. Sua atuação na Casa, ao longo de tão curto tempo — dois anos apenas — revelou-nos um Deputado da mais alta qualificação profissional, articulador nato, responsável, provavelmente, pelo sucesso dos trabalhos da Comissão de Reforma Tributária, da qual V.Exa. foi o Primeiro Vice-Presidente. 
Foi o seu trabalho paciente de articulação, especialmente com os partidos de esquerda, que levou a Comissão — presidida com muita competência pelo Deputado Germano Rigotto —, de fato a ter uma natureza suprapartidária. Só não votamos o substitutivo da Comissão por absoluta intransigência do Governo em relação a determinados pontos — que ainda esperamos ver resolvidos no início do próximo ano. V.Exa. deixa amigos. As manifestações  mostram realmente a estatura que V.Exa. tem na Casa em tão pouco tempo de convivência. Tenho certeza, Deputado Antonio Palocci, que sua carreira política não vai encerrar-se nesse mandato de Prefeito de Ribeirão Preto. Coisa muita importante ainda vai acontecer. Espero, meu caro amigo — e já lhe disse isso naquele cartão  —, vê-lo ainda Presidente da República.
	O SR. ANTONIO PALOCCI – Muito obrigado, Deputado Mussa Demes. Agradeço a V.Exa. a generosidade das palavras, mas certamente a Comissão da Reforma Tributária não avançaria tanto se não fosse V.Exa., os Deputados Antonio Kandir,  Germano Rigotto e outros, que tanto contribuíram para esse trabalho. Tenho certeza, como foi dito aqui, de que plantamos uma forte semente para a mudança que o País exige e que certamente virá.
	Ouço com prazer o Deputado Walter Pinheiro.
	O Sr. Walter Pinheiro – Deputado Antonio Palocci, como todos os companheiros da bancada já disseram, para nós é uma perda considerável a saída de um companheiro do Parlamento. 
Obviamente São Paulo nos brindará com outro Deputado importante e atuante. A saída de V.Exa. se, por um lado, nos deixa um pouco triste, por outro, alegra-nos a forma vitoriosa, uma vez que V.Exa. vai conduzir importante cidade do Estado de São Paulo, onde vai desenvolver a política do PT. Estamos radiantes porque Ribeirão Preto, através dessa campanha, influenciou dezenas de cidades naquele Estado, principalmente na região, principalmente pela forma petista de administrar. Nessa vitória estão inseridos o caráter, o  compromisso,  a conduta séria e a capacitação, que todos conhecemos nesses anos de convivência, do cidadão Palocci. Tivemos muito a aprender. V.Exa., pela forma tranqüila e serena de se conduzir, parece muito mais mineiro — alguns dizem que paulista é mais agitado. Vamos sentir muito, mas com certeza vamos ter muitas alegrias. Estaremos, a partir daqui, vibrando com a experiência e com a possibilidade de dizer ao Brasil que o PT  pode dirigir o País, principalmente levando em consideração o que V.Exa. fez e o que fará em Ribeirão Preto. Parabéns! Boa sorte! Com certeza, a sorte acompanha os que agem com firmeza, competência e padrão ético. Um grande abraço, Deputado.
	O SR. ANTONIO PALOCCI – Obrigado, Deputado Walter Pinheiro. Foi um prazer conviver com V.Exa. na Casa.
	Concedo aparte ao Deputado Walfrido Mares Guia.
	O Sr. Walfrido Mares Guia – Meu prezado companheiro Deputado Antonio Palocci, tive uma experiência que me engrandeceu muito — ser membro da Comissão Especial de Reforma Tributária, sob a notável e competente liderança do nosso companheiro Germano Rigotto.
E lá pude ver algumas pessoas que, para mim, construíram e constroem o paradigma do político moderno, comprometido com a população, com a sociedade, um político que tem inteligência, preparo, compostura e capacidade conciliadora, capacidade de argumentar, capacidade de ajustar pólos opostos. Reparei na sua pessoa e na sua maneira de se conduzir. Ao ouvir os companheiros aqui, cheguei à conclusão de que ninguém perde, mas sim ganha, principalmente a cidade e o povo de Ribeirão Preto, que teve competência de escolher um Prefeito com os traços de V.Exa. Essa cidade sim, pode ser invejada, e seus eleitores estão de parabéns por saber escolher um homem da sua estirpe, da sua postura, competência e integridade. Nós também ganhamos, porque pudemos tê-lo aqui durante dois anos, conviver com V.Exa e desfrutar da sua amizade. V.Exa., jovem, médico, fica como exemplo para o País, aliás, um Parlamentar competente que volta à Prefeitura, na flor da idade, para trazer com mais maturidade e experiência uma melhor gestão. Quando o Deputado Mussa Demes disse que V.Exa. pode ser o futuro Presidente da República, S.Exa. não o fez apenas pela amizade e pela retórica, e sim,  porque V.Exa. tem o traço de estadista. Devemos levar isso muito a sério. O País quer políticos comprometidos com as causas de que a sociedade precisa, quais sejam, educação, saúde, desenvolvimento e justiça social. 
V.Exa. foi isto na Comissão de Reforma Tributária e V.Exa. é isto nesta Casa, todos os dias. Pode considerar-se um exemplo de conduta, de dedicação e de competência para todos nós. Meus parabéns pela eleição. Que Deus lhe dê toda a clarividência, saúde e competência para superar sua primeira gestão. Leve um abraço de uma pessoa que tem a honra de ser seu amigo, que o admira e que deseja o melhor para V.Exa. e para os munícipes de Ribeirão Preto, São Paulo e todo o Brasil. Parabéns.
	O SR. ANTONIO PALOCCI – Obrigado, Deputado Walfrido Mares Guia. Foi um prazer ouvi-lo neste momento. 
Ouço o nobre Deputado Alexandre Cardoso.
	O Sr. Alexandre Cardoso – Deputado Antonio Palocci, o Deputado Mussa Demes acaba de criar outro problema para o PT, quando lança V.Exa. candidato a Presidente da República. (Risos.) Deputado Antonio Palocci, nós, do Partido Socialista Brasileiro, temos dito que a verdadeira reforma política se instala no momento em que a classe média torna-se responsável neste País. Nos últimos vinte anos, a classe média brasileira não foi usuária do Estado, ela pôde pagar o plano  saúde e ter o filho na escola privada, mas não foi solidária com aqueles que estão vendo o Estado ser desmontado há mais tempo, com aqueles que ainda não têm direito ao hospital público e à escola pública de boa qualidade. Entendo que personalidades como V.Exa. representam a verdadeira reforma política deste País. 
É o retorno do jovem que pôde debater política e hoje começa a ocupar, no País, o espaço do debate político. A eleição de V.Exa. para uma cidade da importância de Ribeirão Preto, na verdade, significa mudança do conceito da própria classe média brasileira, quando quer ousar para ter verdadeiras transformações sociais no País ou fazer a reforma política não de cima para baixo, mas que leve a ousadia da transformação. Em nome do Partido Socialista Brasileiro, registro a admiração pela condução de V.Exa. não só na Comissão de Reforma Tributária, mas também no Parlamento. Parabenizo os eleitores de Ribeirão Preto. A transformação desta Casa com a inclusão de personalidades, como a de V.Exa., mostra que o País tem futuro com esperança. A postura de V.Exa. é o resgate da esperança da juventude do País. Agradeço-lhe a oportunidade do convívio com V.Exa., que fará uma boa gestão em Ribeirão Preto; depois, o retorno a esta ou a outra Casa ou a outros cargos no País. Tenho absoluta certeza de que o Deputado Mussa Demes não quis criar problema para o PT, mas falar do seu sentimento por V.Exa. Muito obrigado pelo o que V.Exa. significou e significa na política brasileira.
	O SR. ANTONIO PALOCCI – Muito obrigado, Deputado Alexandre Cardoso. Neste momento agradeço, de público,  o partido de V.Exa. o  apoio e o incentivo durante o processo eleitoral de Ribeirão Preto, os quais — tenho certeza — continuarão ocorrendo no próximo período. Foi um prazer conviver com V.Exa. nesta Casa.
Ouço, com prazer, o nobre Deputado José Genoíno.
O Sr. José Genoíno – Deputado Antonio Palocci, é um dever participar do pronunciamento de despedida de V.Exa. E é um dever registrar aqui que V.Exa.,  como militante do nosso partido, como administrador da cidade de Ribeirão Preto, como Deputado Federal e, ao mesmo tempo, como pessoa humana, funde a competência com a habilidade, a firmeza e o companheirismo tanto dentro do partido como fora dele. V.Exa. marcou nesta Casa, no primeiro mandato, em dois anos, uma projeção nacional, algo que é difícil, Deputado Palocci. Estou aqui há quase 20 anos e só no segundo mandato, na Constituinte, pude alcançar um nível de conhecimento e de reconhecimento da Casa. V.Exa., em dois anos, firmou uma personalidade nacional, tanto de temas relacionados com o Estado brasileiro, a questão tributária, como nos assuntos do partido, na maneira como conduziu a bancada, quando eu estava na Liderança e V.Exa. era o responsável pelos encaminhamentos da bancada na questão da reforma tributária. V.Exa. foi um dos poucos candidatos a Prefeito deste País, cuja arma do adversário para tirar-lhe voto era dizer que V.Exa. poderia ser eleito mas iria ficar poucos anos na Prefeitura porque iria disputar um cargo maior em 2002. Portanto, V.Exa. é uma liderança que cresce, representa valores, representa uma visão universal de como entender a política e de como travar o debate político. 
V.Exa. sintetiza firmeza de posição com flexibilidade e habilidade, na medida em que a política é uma síntese da disputa e da negociação. V.Exa. desenvolverá nova experiência em Ribeirão Preto. Para nós, do PT, para o povo de São Paulo e para o povo brasileiro, V.Exa. é uma dessas figuras que surgem na política e adquirem projeção nacional, com valores, categoria, espinha, caráter e principalmente com visão de futuro. Parabéns meu companheiro e amigo Antonio Palocci.
	O SR. ANTONIO PALOCCI – Agradeço-lhe o aparte, Deputado José Genoíno. Foi grande a satisfação de conviver com V.Exa. neste plenário, mas, antes disso, foi uma honra tê-lo muitas vezes em Ribeirão Preto, quando debatíamos temas muitas vezes delicados para o País, para o nosso partido e para a gestão pública. Tive sempre de sua pessoa palavras de incentivo.
	Considero-o líder nato. Sob sua liderança vamos continuar caminhando, porque ainda teremos importantes vitórias e grandes responsabilidades no Estado de São Paulo e no Brasil, certamente com a presença firme de V.Exa.
	Muito obrigado.
	Ouço, com prazer, o Deputado Nelson Pellegrino.
O Sr. Nelson Pellegrino – Por que não dizer que o Deputado José é um líder genuíno? Deputado Antonio Palocci, aproveito publicamente esta oportunidade para me despedir de V.Exa. neste Parlamento. Certamente o farei em outras ocasiões. Como não o conhecia pessoalmente, mas de nome, pela sua atuação como Prefeito de sua cidade e como militante do nosso partido, dou meu testemunho no sentido de que, nesses dois anos de convívio, V.Exa. fez crescer em mim uma admiração já existente. 
Como registrou o Deputado José Genoíno, V.Exa. deixa registro ao passar por esta Casa. Deixa respeito. A votação consagradora que V.Exa. recebeu, sendo eleito no primeiro turno nas eleições municipais, demonstra que o povo de Ribeirão Preto tem acertado não só porque o conduziu pela primeira vez ao Governo do Município, como também o enviou — juntamente com a região — a esta Câmara, onde tem desenvolvido brilhante atuação como Parlamentar e agora o retira do nosso convívio. Perde o Parlamento, mas ganha o povo de Ribeirão Preto com o retorno de V.Exa. ao comando da administração municipal. Não poderia deixar de me associar a todos os Deputados que lamentaram a perda que V.Exa. representa para o Parlamento brasileiro, uma vez que assumirá o cargo de Prefeito Municipal em 1º de janeiro de 2001. Saiba que minha admiração por V.Exa. aumentou nos dois anos de convívio. Considero-o amigo. Tenho profundo respeito pelo homem público Antonio Palocci não só pela seriedade, mas pela dedicação com que exerce os múnus públicos que o povo do Estado de São Paulo e do Brasil lhe têm dado. Faço votos de uma administração brilhante, como foi a primeira em Ribeirão Preto e os dois anos de mandato nesta Casa.
	O SR. ANTONIO PALOCCI - Muito obrigado, Deputado Nelson Pellegrino. Foi uma honra conviver com V.Exa.
	Ouço com prazer o Deputado Eber Silva.
	O SR. GERSON PERES – Deputado Antonio Palocci, V.Exa. concede-me um aparte posteriomente?
	O Sr. Eber Silva – Deputado Antonio Palocci, quero corroborar as palavras ditas neste plenário a respeito de V.Exa. e fazer dois destaques. Primeiro, a dignidade com que V.Exa. exerceu o mandato e o fato de ainda jovem viver a experiência de governar por duas vezes cidade tão importante como Ribeirão Preto, no querido Estado de São Paulo. 
Como carioca, alegro-me por estar perto, mas quero dizer que assim como V.Exa. enobreceu aqui sua cidade, sinto-me feliz e afetado pela recondução de V.Exa. à Prefeitura de Ribeirão Preto porque isso vai recomendar e dignificar mais ainda o Parlamento nacional. Que Deus abençoe V.Exa. e o Município na nova administração. 
	O SR. ANTONIO PALOCCI – Muito obrigado, Deputado Eber Silva. 
	Ouço com prazer o nobre Deputado Gerson Peres.
	O Sr. Gerson Peres – Deputado Antonio Palocci, o pouco período que tivemos de convivência na Comissão de Finanças e Tributação, nos contatos que travamos, nos debates, pude deduzir, pela experiência de vida pública que temos, estar ao lado de Parlamentar competente que revela nas suas posições trabalho sempre voltado para o interesse público. E o acompanhei bem de perto nos momentos em que o ouvia em judiciosas argumentações na reforma da tributação em matérias complexas, e até mesmo para o entendimento que se buscava, V.Exa. era elemento e fator preponderante, o que poderia causar estranheza para algumas pessoas sendo Deputado do Partido dos Trabalhadores. Por isso o classifiquei sempre como um homem do PT light, que obviamente joga as luzes da concórdia, da harmonia, do entendimento, na fogueira que de vez em quando aparece dentre os que não são lights,
o que faz o PT, como disse muito bem V.Exa., ser um partido efervescente, quando procura unir os divergentes na convergência dos ideais do programa partidário. Esta despedida nos deixa um vazio. V.Exa. foi um homem público que realmente deixou bons exemplos. Quero apenas desejar a V.Exa., em meu nome pessoal, que governe Ribeirão Preto com os mesmos princípios e ideal. A reeleição, com o intervalo que houve, prova que V.Exa. merecia voltar a governar o povo de Ribeirão Preto. É o meu aparte nesta despedida. Que Deus o proteja e o faça sempre o bom Parlamentar e político que é.
	O SR. ANTONIO PALOCCI – Muito obrigado, Deputado Gerson Peres.
	Ouço, com prazer, o aparte do Deputado Marcelo Déda.
	O Sr. Marcelo Déda – Deputado Antonio Palocci, encontrava-me no meu gabinete e pude ver pela TV Câmara o aparte do Deputado Mussa Demes e a justa lembrança do nome de V.Exa. como um dos mais qualificados do meu partido para disputa da Presidência da República. Não fora eu um convicto ""lulista"" e não tivesse compromisso, como segunda alternativa, com meu querido companheiro, Deputado José Genoíno, já abriria comitês em Aracaju lançando a sua candidatura. O nosso partido, companheiro Deputado Antonio Palocci, ao longo desses vinte anos — e não se trata de nenhuma espécie de cabotinismo petista —, ofereceu grande contribuição à democracia brasileira. E ela se estendeu a vários aspectos da política e da vida pública. Sem dúvida alguma, uma das mais singulares contribuições do PT à nossa vida política é o papel que cumpre como formador de novas lideranças. V.Exa. é a prova eloqüente da qualidade das novas lideranças que o PT tem oferecido ao Brasil.	
Como Prefeito de Ribeirão Preto revelou capacidade administrativa, competência política e, sobretudo, capacidade criativa. Sem abrir mão dos princípios do Partido dos Trabalhadores e da concepção estratégica mostrou que os caminhos não são tão bipolarizados como se pretende fazer crer que nossa política não pode enfrentar a realidade como se fosse um jogo de damas, porque há muito mais espaços cinzentos a serem explorados que as obviedades que algumas vezes queremos impor. Fiz questão de vir ao plenário fazer o aparte para dizer da felicidade que foi ter convivido com V.Exa. na Câmara dos Deputados. Se como executivo já era nome famoso e querido em nosso partido, como Parlamentar, especialmente, na Comissão da Reforma Tributária, revelou-se político de mão cheia. Grandes qualidades o Parlamento brasileiro, sem dúvida, testemunhou na sua breve passagem nesta Casa. Quero abraçá-lo e dizer-lhe que é confortante, para nós que assumiremos tarefas executivas a partir de janeiro, saber que em Ribeirão Preto teremos quadro vitorioso e competente, além de liderança que não fará encomia ao distribuir suas luzes, como mencionou o Deputado Gerson Peres, nós, no Nordeste, também saberemos receber as lições do seu talento e companheirismo militante. O povo de Ribeirão Preto está de parabéns. Esta Casa ficará com saudades, mas creio que sua obra se repercutirá aqui. Felicidades e sucesso em sua trajetória. 

	O SR. ANTONIO PALOCCI – Obrigado, Deputado Marcelo Déda. Desejo a V.Exa. pleno sucesso à frente da Prefeitura de Aracaju, onde foi eleito de forma meteórica, como era justo que o fosse. 
	Sr. Presidente, não vou me estender mais, evidentemente, porque ultrapassei o tempo permitido. Não pude falar, mas levo para Ribeirão Preto esta homenagem emocionada, e emocionante para mim, de parceiros, de companheiros dos diversos partidos que aqui se manifestaram. Quero dizer àqueles que, por excesso de generosidade, indicaram caminhos de outras candidaturas que não as estou buscando neste momento, mas quero dedicar-me com muito afinco à Prefeitura de Ribeirão Preto. 
Estarei presente em outros momentos nos debates deste Congresso Nacional, sempre defendendo teses de distribuição de renda, de valorização do projeto de desenvolvimento nacional sustentado que tem o trabalhador como objetivo fundamental, que tem o povo excluído como foco das nossas preocupações fundamentais. Que possamos, com esforço e pluralidade do pensamento político brasileiro, construir uma nação mais fraterna e justa, uma nação de todos os jovens, de todas as regiões. Que os trabalhadores, idosos e crianças tenham as mesmas oportunidades e possam construir uma vida mais feliz neste grandioso País.
Foi um prazer extraordinário ter compartilhado do mandato nesta Casa, de onde saio deixando e levando enorme saudade da convivência política e pessoal que tive com Deputados e Deputadas do Congresso Nacional.
Muito obrigado. (Palmas.)"
